{
  "reference_date": "2026-07-09",
  "eta": -0.0659257436973656,
  "beta_home": 0.3194021820539999,
  "rho": 0.0159456673004989,
  "teams": {
    "Novorizontino / SP": {
      "attack": 0.1079641068665893,
      "defense": 0.1867446519031946
    },
    "Criciúma / SC": {
      "attack": -0.0767752580995156,
      "defense": 0.2497412638657929
    },
    "Fortaleza / CE": {
      "attack": 0.0573181167446184,
      "defense": -0.0024226743617477
    },
    "Vila Nova / GO": {
      "attack": 0.0426486272359509,
      "defense": -0.1620292855667969
    },
    "São Bernardo / SP": {
      "attack": -0.0279307109784697,
      "defense": 0.1945201777313543
    },
    "Operário / PR": {
      "attack": -0.0685740481559792,
      "defense": -0.0546774377004487
    },
    "Juventude / RS": {
      "attack": -0.1304798823607142,
      "defense": 0.1171741625235472
    },
    "Goiás / GO": {
      "attack": -0.1463099816955543,
      "defense": -0.0689960415800866
    },
    "Náutico / PE": {
      "attack": 0.0748587381585172,
      "defense": -0.1667106764801527
    },
    "Sport / PE": {
      "attack": -0.1577919588325049,
      "defense": -0.1040886707452636
    },
    "Cuiabá / MT": {
      "attack": -0.361742668583285,
      "defense": 0.2118103580615189
    },
    "Londrina / PR": {
      "attack": 0.205907180726851,
      "defense": -0.3370697827327556
    },
    "Atlético Goianiense / GO": {
      "attack": -0.1837674514320854,
      "defense": -0.0498253133212694
    },
    "Athletic / MG": {
      "attack": -0.2131705679931315,
      "defense": -0.0869401548122925
    },
    "CRB / AL": {
      "attack": 0.0763779176869466,
      "defense": -0.353335241028562
    },
    "Ceará / CE": {
      "attack": -0.2177349867333501,
      "defense": 0.0371423115591746
    },
    "Botafogo / SP": {
      "attack": -0.2787728650949622,
      "defense": -0.0730155897181971
    },
    "Avaí / SC": {
      "attack": -0.1044151018713122,
      "defense": -0.2174789219663399
    },
    "América / MG": {
      "attack": -0.330407848811688,
      "defense": -0.2621075802365545
    },
    "Ponte Preta / SP": {
      "attack": -0.631877577260374,
      "defense": -0.587967110105839
    },
    "Palmeiras / SP": {
      "attack": 0.4748840278652,
      "defense": 0.568404974871967
    },
    "Flamengo / RJ": {
      "attack": 0.60921595348089,
      "defense": 0.4416638296525669
    },
    "Fluminense / RJ": {
      "attack": 0.3141930808638274,
      "defense": 0.2446775920989166
    },
    "Athletico Paranaense / PR": {
      "attack": 0.1457340773665367,
      "defense": 0.2004922137381802
    },
    "Red Bull Bragantino / SP": {
      "attack": 0.244171950422697,
      "defense": 0.0917849328055865
    },
    "Botafogo / RJ": {
      "attack": 0.511445978752703,
      "defense": 0.0119519418799121
    },
    "Bahia / BA": {
      "attack": 0.2944792910159093,
      "defense": 0.0530425920014383
    },
    "São Paulo / SP": {
      "attack": 0.1778159205212599,
      "defense": 0.1509737576970559
    },
    "Cruzeiro / MG": {
      "attack": 0.2471305471758054,
      "defense": 0.1722331860987692
    },
    "Atlético Mineiro / MG": {
      "attack": 0.1505269259457526,
      "defense": 0.1588824103640548
    },
    "Coritiba / PR": {
      "attack": 0.0472240669264036,
      "defense": 0.1825165092940324
    },
    "Corinthians / SP": {
      "attack": 0.0994405677361607,
      "defense": 0.2242440221863789
    },
    "Vitória / BA": {
      "attack": 0.0957177203223812,
      "defense": 0.0310264946770162
    },
    "Grêmio / RS": {
      "attack": 0.1572066683338098,
      "defense": 0.1025793535444589
    },
    "Internacional / RS": {
      "attack": 0.1723938892064436,
      "defense": 0.0494566075748037
    },
    "Santos / SP": {
      "attack": 0.266609075934968,
      "defense": -0.0201668580447791
    },
    "Mirassol / SP": {
      "attack": 0.2084994404141563,
      "defense": 0.1743381656408603
    },
    "Vasco da Gama / RJ": {
      "attack": 0.247861517368785,
      "defense": -0.1334117309631146
    },
    "Remo / PA": {
      "attack": 0.1242090721562402,
      "defense": -0.0546323183684227
    },
    "Chapecoense / SC": {
      "attack": -0.0150123383422049,
      "defense": -0.159024773838096
    }
  }
}
