{
  "reference_date": "2026-07-18",
  "model": "poisson_home",
  "shared": {
    "eta": -0.0759777810836865,
    "beta_home": 0.330738240795,
    "rho": 0.0025330438896102
  },
  "teams": {
    "Criciúma / SC": {
      "attack": -0.0577200199990099,
      "defense": 0.2811879147685679
    },
    "Novorizontino / SP": {
      "attack": 0.0747258129935338,
      "defense": 0.1506999078012444
    },
    "Juventude / RS": {
      "attack": -0.110297940110773,
      "defense": 0.1617552124931016
    },
    "Fortaleza / CE": {
      "attack": 0.0184497236409645,
      "defense": 0.0238599538660145
    },
    "Operário / PR": {
      "attack": 0.0023528791722277,
      "defense": -0.0882133470225111
    },
    "Vila Nova / GO": {
      "attack": -0.0039921753162125,
      "defense": -0.163904209820657
    },
    "São Bernardo / SP": {
      "attack": -0.0151129026904364,
      "defense": 0.0634507750520513
    },
    "Goiás / GO": {
      "attack": -0.0963933723928425,
      "defense": -0.1034311870003358
    },
    "Sport / PE": {
      "attack": -0.0654650997566601,
      "defense": -0.1957876533943127
    },
    "Atlético Goianiense / GO": {
      "attack": -0.2325887060025571,
      "defense": 0.0200441674120491
    },
    "Cuiabá / MT": {
      "attack": -0.3197834127037101,
      "defense": 0.1240575555141567
    },
    "CRB / AL": {
      "attack": 0.1003370777835381,
      "defense": -0.3667762476336704
    },
    "Athletic / MG": {
      "attack": -0.2744336091097558,
      "defense": -0.0047176119616471
    },
    "Náutico / PE": {
      "attack": -0.0279983497238594,
      "defense": -0.2075164814639943
    },
    "Londrina / PR": {
      "attack": 0.0923183539339112,
      "defense": -0.272457444431705
    },
    "Botafogo / SP": {
      "attack": -0.2376226262242078,
      "defense": -0.0778683789317261
    },
    "Ceará / CE": {
      "attack": -0.2655868228016416,
      "defense": 0.057950989081257
    },
    "Avaí / SC": {
      "attack": -0.0750735986666854,
      "defense": -0.1752554006540988
    },
    "América / MG": {
      "attack": -0.3416519938846998,
      "defense": -0.2554334368700383
    },
    "Ponte Preta / SP": {
      "attack": -0.604841694964397,
      "defense": -0.62166904330214
    },
    "Palmeiras / SP": {
      "attack": 0.481263906240987,
      "defense": 0.569818452027258
    },
    "Flamengo / RJ": {
      "attack": 0.6158339078445301,
      "defense": 0.4414172292324639
    },
    "Fluminense / RJ": {
      "attack": 0.303789704228125,
      "defense": 0.2399576476302266
    },
    "Red Bull Bragantino / SP": {
      "attack": 0.2489267265178859,
      "defense": 0.1126214658453989
    },
    "Botafogo / RJ": {
      "attack": 0.5049489905030099,
      "defense": 0.0156028752024396
    },
    "Athletico Paranaense / PR": {
      "attack": 0.1513782825951729,
      "defense": 0.2003385502093033
    },
    "Bahia / BA": {
      "attack": 0.298998393858138,
      "defense": 0.0778562543567719
    },
    "São Paulo / SP": {
      "attack": 0.1812005066615669,
      "defense": 0.1473371494015171
    },
    "Cruzeiro / MG": {
      "attack": 0.2575136405178759,
      "defense": 0.1715352172145027
    },
    "Atlético Mineiro / MG": {
      "attack": 0.1488314585458773,
      "defense": 0.1575219096936875
    },
    "Coritiba / PR": {
      "attack": 0.0557087013708089,
      "defense": 0.1844087021766416
    },
    "Corinthians / SP": {
      "attack": 0.1071296732262651,
      "defense": 0.2210799549137008
    },
    "Vitória / BA": {
      "attack": 0.0740590197426716,
      "defense": 0.0619305291232532
    },
    "Mirassol / SP": {
      "attack": 0.2312532042700409,
      "defense": 0.1642881417617457
    },
    "Internacional / RS": {
      "attack": 0.1778432376072214,
      "defense": 0.0447540858947956
    },
    "Grêmio / RS": {
      "attack": 0.1615566916526628,
      "defense": 0.0837037100248918
    },
    "Santos / SP": {
      "attack": 0.2632927448289857,
      "defense": -0.0182817013463391
    },
    "Vasco da Gama / RJ": {
      "attack": 0.214741814380278,
      "defense": -0.1197103065351054
    },
    "Remo / PA": {
      "attack": 0.1340746683316778,
      "defense": -0.0558384010544745
    },
    "Chapecoense / SC": {
      "attack": -0.0373734276809366,
      "defense": -0.1584408893975149
    }
  }
}
