{
  "reference_date": "2026-07-17",
  "model": "poisson_home",
  "shared": {
    "eta": -0.0813996590025635,
    "beta_home": 0.341006823448,
    "rho": 0.0101409628515854
  },
  "teams": {
    "Criciúma / SC": {
      "attack": -0.004117729544111,
      "defense": 0.1452223710817228
    },
    "Novorizontino / SP": {
      "attack": 0.0440861268962756,
      "defense": 0.188329524029284
    },
    "Fortaleza / CE": {
      "attack": 0.1347904828319058,
      "defense": 0.0566973952054924
    },
    "Operário / PR": {
      "attack": -0.0949722923512621,
      "defense": -0.0114644861587365
    },
    "São Bernardo / SP": {
      "attack": 0.0679093658442842,
      "defense": 0.1190080743853668
    },
    "Vila Nova / GO": {
      "attack": -0.00468939183299,
      "defense": -0.1318408454408933
    },
    "Juventude / RS": {
      "attack": -0.0442362735293683,
      "defense": 0.0307406245786272
    },
    "Goiás / GO": {
      "attack": -0.0376808712043634,
      "defense": -0.008673250382138
    },
    "Sport / PE": {
      "attack": -0.0091505145722552,
      "defense": -0.1447423428004796
    },
    "Cuiabá / MT": {
      "attack": -0.1959652550006996,
      "defense": 0.1428745059085985
    },
    "Atlético Goianiense / GO": {
      "attack": -0.1233471834454476,
      "defense": -0.0184484036204873
    },
    "Náutico / PE": {
      "attack": 0.0264983806030685,
      "defense": -0.1688250053197605
    },
    "CRB / AL": {
      "attack": 0.0443593782591705,
      "defense": -0.2336916643363299
    },
    "Athletic / MG": {
      "attack": -0.1593389281305691,
      "defense": -0.1063409109203234
    },
    "Ceará / CE": {
      "attack": -0.1085315670539107,
      "defense": 0.0816988146681821
    },
    "Londrina / PR": {
      "attack": 0.0893355774895867,
      "defense": -0.3162603547536908
    },
    "Botafogo / SP": {
      "attack": -0.2418663314235528,
      "defense": -0.1644715103950177
    },
    "Avaí / SC": {
      "attack": -0.1036297984080346,
      "defense": -0.0935014972489595
    },
    "América / MG": {
      "attack": -0.1674620988083955,
      "defense": -0.2001215108752222
    },
    "Ponte Preta / SP": {
      "attack": -0.489182458062895,
      "defense": -0.4157739799047997
    },
    "Palmeiras / SP": {
      "attack": 0.5094866316565001,
      "defense": 0.5197547886484201
    },
    "Flamengo / RJ": {
      "attack": 0.602007416473,
      "defense": 0.4204144118137699
    },
    "Fluminense / RJ": {
      "attack": 0.266391142669986,
      "defense": 0.249127039525142
    },
    "Botafogo / RJ": {
      "attack": 0.4924593828307,
      "defense": 0.1605445359135018
    },
    "Red Bull Bragantino / SP": {
      "attack": 0.2351515131664612,
      "defense": 0.1017356487305655
    },
    "Athletico Paranaense / PR": {
      "attack": 0.1722316856696672,
      "defense": 0.1448273699403379
    },
    "Bahia / BA": {
      "attack": 0.3126701458875009,
      "defense": 0.073463367490792
    },
    "São Paulo / SP": {
      "attack": 0.2057441457724643,
      "defense": 0.1879541770171597
    },
    "Cruzeiro / MG": {
      "attack": 0.241929591723037,
      "defense": 0.2624348637372487
    },
    "Atlético Mineiro / MG": {
      "attack": 0.19800634620004,
      "defense": 0.158246145631221
    },
    "Corinthians / SP": {
      "attack": 0.174103774592252,
      "defense": 0.1883918556195228
    },
    "Coritiba / PR": {
      "attack": 0.0029270661634161,
      "defense": 0.1071416164451596
    },
    "Vitória / BA": {
      "attack": 0.0819126966560593,
      "defense": 0.0616586951741378
    },
    "Internacional / RS": {
      "attack": 0.2147197763855006,
      "defense": 0.0931281092948845
    },
    "Grêmio / RS": {
      "attack": 0.2255302306215521,
      "defense": 0.0734319601088011
    },
    "Mirassol / SP": {
      "attack": 0.189124782255886,
      "defense": 0.2233890424983869
    },
    "Santos / SP": {
      "attack": 0.230648374190464,
      "defense": -0.0052675468274659
    },
    "Vasco da Gama / RJ": {
      "attack": 0.2460620984788957,
      "defense": -0.0868377448025005
    },
    "Remo / PA": {
      "attack": 0.143122916173047,
      "defense": -0.0522125185221278
    },
    "Chapecoense / SC": {
      "attack": -0.0347686526658619,
      "defense": -0.1167050793512002
    }
  }
}
