{
  "reference_date": "2026-07-13",
  "model": "poisson_home",
  "shared": {
    "eta": -0.0603812184083494,
    "beta_home": 0.321331369969,
    "rho": 0.0203308328025994
  },
  "teams": {
    "Criciúma / SC": {
      "attack": -0.0876443964953525,
      "defense": 0.2616867619934756
    },
    "Novorizontino / SP": {
      "attack": 0.0963858377041785,
      "defense": 0.1616425784226099
    },
    "Operário / PR": {
      "attack": -0.0420764617612493,
      "defense": -0.0481859034033834
    },
    "Vila Nova / GO": {
      "attack": 0.0056347423036425,
      "defense": -0.1345766189503791
    },
    "Fortaleza / CE": {
      "attack": 0.0156358342405229,
      "defense": 0.0052235938571405
    },
    "Juventude / RS": {
      "attack": -0.1524792625703415,
      "defense": 0.151008581795702
    },
    "São Bernardo / SP": {
      "attack": 0.0164634356592068,
      "defense": 0.0879092037570591
    },
    "Goiás / GO": {
      "attack": -0.1204523778748859,
      "defense": -0.0803485247436294
    },
    "Sport / PE": {
      "attack": -0.1017450182965124,
      "defense": -0.1661074076791455
    },
    "Cuiabá / MT": {
      "attack": -0.3032834757104408,
      "defense": 0.173282825047243
    },
    "Atlético Goianiense / GO": {
      "attack": -0.1966018962129908,
      "defense": 0.0020218576492361
    },
    "Londrina / PR": {
      "attack": 0.1992759811252649,
      "defense": -0.328680906297045
    },
    "Náutico / PE": {
      "attack": -0.008746502166778,
      "defense": -0.1861709974502208
    },
    "Athletic / MG": {
      "attack": -0.217651047883858,
      "defense": -0.0766169645053477
    },
    "CRB / AL": {
      "attack": 0.083007421345748,
      "defense": -0.357085294877682
    },
    "Ceará / CE": {
      "attack": -0.2252551950888345,
      "defense": 0.0431723418437533
    },
    "Botafogo / SP": {
      "attack": -0.1995236717680635,
      "defense": -0.125744315885648
    },
    "Avaí / SC": {
      "attack": -0.0877672468538301,
      "defense": -0.172162623230713
    },
    "América / MG": {
      "attack": -0.3319536889091959,
      "defense": -0.2532120297667912
    },
    "Ponte Preta / SP": {
      "attack": -0.64723907820779,
      "defense": -0.5835399205951531
    },
    "Palmeiras / SP": {
      "attack": 0.47961386678655,
      "defense": 0.56518198229998
    },
    "Flamengo / RJ": {
      "attack": 0.6120652881027999,
      "defense": 0.43735041400551
    },
    "Fluminense / RJ": {
      "attack": 0.3115424776799731,
      "defense": 0.2554960278769452
    },
    "Red Bull Bragantino / SP": {
      "attack": 0.2417579105457761,
      "defense": 0.099377529944666
    },
    "Athletico Paranaense / PR": {
      "attack": 0.1433080375263326,
      "defense": 0.1871079166390219
    },
    "Botafogo / RJ": {
      "attack": 0.5161756243123701,
      "defense": 0.0188227679118416
    },
    "Bahia / BA": {
      "attack": 0.297476701716007,
      "defense": 0.0554543829689889
    },
    "São Paulo / SP": {
      "attack": 0.1790171637328454,
      "defense": 0.1603939733697355
    },
    "Cruzeiro / MG": {
      "attack": 0.2606053248874224,
      "defense": 0.1822393632370795
    },
    "Atlético Mineiro / MG": {
      "attack": 0.1528315581899677,
      "defense": 0.15970431871867
    },
    "Corinthians / SP": {
      "attack": 0.1064356779524499,
      "defense": 0.215970358439116
    },
    "Coritiba / PR": {
      "attack": 0.034198126976582,
      "defense": 0.1698908469080345
    },
    "Vitória / BA": {
      "attack": 0.0958950235414653,
      "defense": 0.0343591531190003
    },
    "Grêmio / RS": {
      "attack": 0.1586918848874972,
      "defense": 0.1022253724760957
    },
    "Internacional / RS": {
      "attack": 0.1674108335354333,
      "defense": 0.0522948748028549
    },
    "Santos / SP": {
      "attack": 0.269834621257301,
      "defense": -0.0100752827260249
    },
    "Mirassol / SP": {
      "attack": 0.2026601819558633,
      "defense": 0.1802780976254513
    },
    "Vasco da Gama / RJ": {
      "attack": 0.2427878850603698,
      "defense": -0.1214171251525945
    },
    "Remo / PA": {
      "attack": 0.1280430595059706,
      "defense": -0.0638290572497309
    },
    "Chapecoense / SC": {
      "attack": -0.01679303303974,
      "defense": -0.1664447043886542
    }
  }
}
