{
  "reference_date": "2026-07-10",
  "model": "poisson_home",
  "shared": {
    "eta": -0.0655214914456056,
    "beta_home": 0.319263444369,
    "rho": 0.0161674738200993
  },
  "teams": {
    "Novorizontino / SP": {
      "attack": 0.1047408180208376,
      "defense": 0.1845921164297378
    },
    "Criciúma / SC": {
      "attack": -0.0785244487046611,
      "defense": 0.2457612785317642
    },
    "Fortaleza / CE": {
      "attack": 0.0585916346946065,
      "defense": -0.002358694494057
    },
    "Vila Nova / GO": {
      "attack": 0.041079430963624,
      "defense": -0.1612524584607337
    },
    "São Bernardo / SP": {
      "attack": -0.028671451785292,
      "defense": 0.1931272353715888
    },
    "Operário / PR": {
      "attack": -0.0684545701143025,
      "defense": -0.0555585500701094
    },
    "Juventude / RS": {
      "attack": -0.131203096529735,
      "defense": 0.1197872676062607
    },
    "Goiás / GO": {
      "attack": -0.1460794762175973,
      "defense": -0.0680248721954919
    },
    "Náutico / PE": {
      "attack": 0.0739746590140594,
      "defense": -0.1660079344606327
    },
    "Sport / PE": {
      "attack": -0.1589090561148855,
      "defense": -0.1032022844773189
    },
    "Cuiabá / MT": {
      "attack": -0.3662239859110814,
      "defense": 0.2102238095412754
    },
    "Londrina / PR": {
      "attack": 0.2017270631468901,
      "defense": -0.3355452002327927
    },
    "Atlético Goianiense / GO": {
      "attack": -0.1853745004944615,
      "defense": -0.0475659961528559
    },
    "Athletic / MG": {
      "attack": -0.2147177305161993,
      "defense": -0.0874559108931996
    },
    "CRB / AL": {
      "attack": 0.0745337801722268,
      "defense": -0.354702029323327
    },
    "Ceará / CE": {
      "attack": -0.2146503898984841,
      "defense": 0.0387522368399635
    },
    "Botafogo / SP": {
      "attack": -0.2783432049080514,
      "defense": -0.0765588554106864
    },
    "Avaí / SC": {
      "attack": -0.1032061252581358,
      "defense": -0.2205080117580867
    },
    "América / MG": {
      "attack": -0.331049796673973,
      "defense": -0.2617718618876181
    },
    "Ponte Preta / SP": {
      "attack": -0.629226109966989,
      "defense": -0.585964719272579
    },
    "Palmeiras / SP": {
      "attack": 0.47961386678655,
      "defense": 0.56518198229998
    },
    "Flamengo / RJ": {
      "attack": 0.6120652881027999,
      "defense": 0.43735041400551
    },
    "Fluminense / RJ": {
      "attack": 0.3115424776799731,
      "defense": 0.2554960278769452
    },
    "Red Bull Bragantino / SP": {
      "attack": 0.2417579105457761,
      "defense": 0.099377529944666
    },
    "Athletico Paranaense / PR": {
      "attack": 0.1433080375263326,
      "defense": 0.1871079166390219
    },
    "Botafogo / RJ": {
      "attack": 0.5161756243123701,
      "defense": 0.0188227679118416
    },
    "Bahia / BA": {
      "attack": 0.297476701716007,
      "defense": 0.0554543829689889
    },
    "São Paulo / SP": {
      "attack": 0.1790171637328454,
      "defense": 0.1603939733697355
    },
    "Cruzeiro / MG": {
      "attack": 0.2606053248874224,
      "defense": 0.1822393632370795
    },
    "Atlético Mineiro / MG": {
      "attack": 0.1528315581899677,
      "defense": 0.15970431871867
    },
    "Corinthians / SP": {
      "attack": 0.1064356779524499,
      "defense": 0.215970358439116
    },
    "Coritiba / PR": {
      "attack": 0.034198126976582,
      "defense": 0.1698908469080345
    },
    "Vitória / BA": {
      "attack": 0.0958950235414653,
      "defense": 0.0343591531190003
    },
    "Grêmio / RS": {
      "attack": 0.1586918848874972,
      "defense": 0.1022253724760957
    },
    "Internacional / RS": {
      "attack": 0.1674108335354333,
      "defense": 0.0522948748028549
    },
    "Santos / SP": {
      "attack": 0.269834621257301,
      "defense": -0.0100752827260249
    },
    "Mirassol / SP": {
      "attack": 0.2026601819558633,
      "defense": 0.1802780976254513
    },
    "Vasco da Gama / RJ": {
      "attack": 0.2427878850603698,
      "defense": -0.1214171251525945
    },
    "Remo / PA": {
      "attack": 0.1280430595059706,
      "defense": -0.0638290572497309
    },
    "Chapecoense / SC": {
      "attack": -0.01679303303974,
      "defense": -0.1664447043886542
    }
  }
}
