{
  "reference_date": "2026-07-16",
  "model": "poisson_home",
  "shared": {
    "eta": -0.0667428055091036,
    "beta_home": 0.3254313758415,
    "rho": 0.0170482203576128
  },
  "teams": {
    "Criciúma / SC": {
      "attack": -0.0789519971148981,
      "defense": 0.2571585409795259
    },
    "Novorizontino / SP": {
      "attack": 0.1003969828141513,
      "defense": 0.1538275737648134
    },
    "Operário / PR": {
      "attack": -0.0371617084264833,
      "defense": -0.0542620196927297
    },
    "Vila Nova / GO": {
      "attack": 0.012282933842914,
      "defense": -0.1411585149985192
    },
    "Fortaleza / CE": {
      "attack": 0.0187054139894126,
      "defense": -0.0018124036346697
    },
    "Juventude / RS": {
      "attack": -0.1482271391998811,
      "defense": 0.1434643771450667
    },
    "São Bernardo / SP": {
      "attack": 0.0181257663539632,
      "defense": 0.0890126560152064
    },
    "Goiás / GO": {
      "attack": -0.1157507394039331,
      "defense": -0.0832253252022927
    },
    "Sport / PE": {
      "attack": -0.0940219879578498,
      "defense": -0.1702505678657288
    },
    "Cuiabá / MT": {
      "attack": -0.3016750393023921,
      "defense": 0.1726673678971451
    },
    "Atlético Goianiense / GO": {
      "attack": -0.1935238807609283,
      "defense": -0.0014456323731616
    },
    "Londrina / PR": {
      "attack": 0.1816621279137197,
      "defense": -0.3144852789610347
    },
    "CRB / AL": {
      "attack": 0.0962028404130364,
      "defense": -0.3546611940847645
    },
    "Athletic / MG": {
      "attack": -0.2473715292686042,
      "defense": -0.035464503629917
    },
    "Náutico / PE": {
      "attack": -0.0228792051334705,
      "defense": -0.200350344545406
    },
    "Botafogo / SP": {
      "attack": -0.1950446884524015,
      "defense": -0.1309440699143389
    },
    "Ceará / CE": {
      "attack": -0.2753048412900543,
      "defense": 0.0657431077760964
    },
    "Avaí / SC": {
      "attack": -0.0826975235217664,
      "defense": -0.1780189948727756
    },
    "América / MG": {
      "attack": -0.3459965399739768,
      "defense": -0.2426347006608427
    },
    "Ponte Preta / SP": {
      "attack": -0.635453784447073,
      "defense": -0.58770266936445
    },
    "Palmeiras / SP": {
      "attack": 0.47554485489491,
      "defense": 0.5649156274941041
    },
    "Flamengo / RJ": {
      "attack": 0.6100987890585,
      "defense": 0.438515511570729
    },
    "Fluminense / RJ": {
      "attack": 0.315656559204628,
      "defense": 0.2369938017406399
    },
    "Athletico Paranaense / PR": {
      "attack": 0.1495397421717568,
      "defense": 0.2052842094841715
    },
    "Botafogo / RJ": {
      "attack": 0.498564745781722,
      "defense": 0.0160182016390096
    },
    "Red Bull Bragantino / SP": {
      "attack": 0.2425175208807828,
      "defense": 0.0891640703678686
    },
    "Bahia / BA": {
      "attack": 0.2937500037024489,
      "defense": 0.047146357172937
    },
    "São Paulo / SP": {
      "attack": 0.1713855542767864,
      "defense": 0.1451017326433779
    },
    "Cruzeiro / MG": {
      "attack": 0.2460418880010645,
      "defense": 0.1722177089672658
    },
    "Atlético Mineiro / MG": {
      "attack": 0.1465438985516851,
      "defense": 0.159060191743325
    },
    "Coritiba / PR": {
      "attack": 0.0491951999607678,
      "defense": 0.1902925507705329
    },
    "Corinthians / SP": {
      "attack": 0.097872530597083,
      "defense": 0.221897372590048
    },
    "Vitória / BA": {
      "attack": 0.0674781493346418,
      "defense": 0.0656370684304968
    },
    "Grêmio / RS": {
      "attack": 0.1473312387600543,
      "defense": 0.0976385324908198
    },
    "Internacional / RS": {
      "attack": 0.1679375234717528,
      "defense": 0.0408560712302989
    },
    "Santos / SP": {
      "attack": 0.2609619700353663,
      "defense": -0.0146594204537866
    },
    "Mirassol / SP": {
      "attack": 0.2078049191658591,
      "defense": 0.1682681495495349
    },
    "Vasco da Gama / RJ": {
      "attack": 0.2080895932711738,
      "defense": -0.1191603478107939
    },
    "Remo / PA": {
      "attack": 0.1302050726709982,
      "defense": -0.0469625302539011
    },
    "Chapecoense / SC": {
      "attack": -0.0105635920385716,
      "defense": -0.156837143798299
    }
  }
}
